[
  {
    "id": "g_t1_comm",
    "name": "Scrap Communication Network",
    "tier": 1,
    "cost": 1,
    "prereqs": [],
    "discovered": true,
    "desc": "Short-range, static-filled comms between party and base.",
    "flags": [
      "mast_installed"
    ]
  },
  {
    "id": "g_t1_workshop",
    "name": "Manual Workshop",
    "tier": 1,
    "cost": 1,
    "prereqs": [],
    "discovered": true,
    "desc": "Basic tech repairs; -2 DC to repair ancient items.",
    "flags": [
      "tools_workshop"
    ]
  },
  {
    "id": "g_t1_scavpatrol",
    "name": "Scavenger Patrols",
    "tier": 1,
    "cost": 1,
    "prereqs": [],
    "discovered": true,
    "desc": "NPC teams gather small amounts of scrap weekly.",
    "flags": [
      "cleared_patrol"
    ]
  },
  {
    "id": "g_t1_defpost",
    "name": "Basic Defense Post",
    "tier": 1,
    "cost": 1,
    "prereqs": [],
    "discovered": true,
    "desc": "One hand-cranked turret or mounted thrower.",
    "cap": 2
  },
  {
    "id": "g_t1_powernode",
    "name": "Jury-Rigged Power Node",
    "tier": 1,
    "cost": 1,
    "prereqs": [],
    "discovered": true,
    "desc": "Stable power for ONE small facility at a time.",
    "flags": [
      "power_core"
    ],
    "cap": 2
  },
  {
    "id": "g_t1_medbay",
    "name": "Makeshift Medical Bay",
    "tier": 1,
    "cost": 1,
    "prereqs": [],
    "discovered": true,
    "desc": "+1 to Medicine checks in Refuge; faster downtime recovery.",
    "flags": [
      "med_scanners"
    ]
  },
  {
    "id": "g_t1_trade",
    "name": "Basic Trade Outpost",
    "tier": 1,
    "cost": 1,
    "prereqs": [],
    "discovered": true,
    "desc": "One trade route to nearby settlement.",
    "flags": [
      "trade_route_1"
    ],
    "cap": 2
  },
  {
    "id": "g_t2_microgrid",
    "name": "Stabilized Microgrid",
    "tier": 2,
    "cost": 2,
    "prereqs": [
      "g_t1_powernode"
    ],
    "discovered": false,
    "desc": "Run two small facilities without switching power."
  },
  {
    "id": "g_t2_bikes",
    "name": "Scout Bikes (Scrap Skiffs)",
    "tier": 2,
    "cost": 2,
    "prereqs": [
      "g_t1_scavpatrol"
    ],
    "discovered": false,
    "desc": "Faster recon and travel speed for NPC patrols."
  },
  {
    "id": "g_t2_sentry1",
    "name": "Auto-Sentry Mk.I",
    "tier": 2,
    "cost": 2,
    "prereqs": [
      "g_t1_defpost"
    ],
    "discovered": false,
    "desc": "Unreliable automated turret that can jam.",
    "cap": 2
  },
  {
    "id": "g_t2_fieldmed",
    "name": "Field Med Station",
    "tier": 2,
    "cost": 2,
    "prereqs": [
      "g_t1_medbay"
    ],
    "discovered": false,
    "desc": "Portable triage station for on-site stabilization."
  },
  {
    "id": "g_t2_guild",
    "name": "Salvage Guild Charter",
    "tier": 2,
    "cost": 2,
    "prereqs": [
      "g_t1_scavpatrol"
    ],
    "discovered": false,
    "desc": "+20% materials and better leads."
  },
  {
    "id": "g_t2_decode",
    "name": "Decoding Lab Alpha",
    "tier": 2,
    "cost": 2,
    "prereqs": [
      "g_t1_workshop",
      "g_t1_comm"
    ],
    "discovered": false,
    "desc": "Translate simple ancient schematics; unlocks personal blueprints."
  },
  {
    "id": "g_t2_logistics",
    "name": "Logistics Depot",
    "tier": 2,
    "cost": 2,
    "prereqs": [
      "g_t1_trade"
    ],
    "discovered": false,
    "desc": "+1 simultaneous NPC expedition slot."
  },
  {
    "id": "g_t3_sensor",
    "name": "Perimeter Sensor Net",
    "tier": 3,
    "cost": 3,
    "prereqs": [
      "g_t2_microgrid"
    ],
    "discovered": false,
    "desc": "Early warning against incursions."
  },
  {
    "id": "g_t3_barge",
    "name": "Hover Barge (Short Range)",
    "tier": 3,
    "cost": 3,
    "prereqs": [
      "g_t2_bikes",
      "g_t2_guild"
    ],
    "discovered": false,
    "desc": "Bulk salvage transport over rough terrain."
  },
  {
    "id": "g_t3_medpod",
    "name": "MedPod Beta",
    "tier": 3,
    "cost": 3,
    "prereqs": [
      "g_t2_fieldmed"
    ],
    "discovered": false,
    "desc": "Rapid trauma recovery; remove one lingering injury per rest."
  },
  {
    "id": "g_t3_fab",
    "name": "Fabrication Bay",
    "tier": 3,
    "cost": 3,
    "prereqs": [
      "g_t2_decode"
    ],
    "discovered": false,
    "desc": "Print standardized parts; reduce project time/costs."
  },
  {
    "id": "g_t3_comms",
    "name": "Encrypted Long-Range Comms",
    "tier": 3,
    "cost": 3,
    "prereqs": [
      "g_t2_decode",
      "g_t2_microgrid"
    ],
    "discovered": false,
    "desc": "Secure contact with distant settlements; unlocks new arcs."
  },
  {
    "id": "g_t3_drone",
    "name": "Drone Wing Alpha",
    "tier": 3,
    "cost": 3,
    "prereqs": [
      "g_t2_bikes",
      "g_t2_logistics"
    ],
    "discovered": false,
    "desc": "Recon and hazard mapping via drones."
  },
  {
    "id": "g_t3_envoy",
    "name": "Ambassadorial Corps",
    "tier": 3,
    "cost": 3,
    "prereqs": [
      "g_t2_logistics"
    ],
    "discovered": false,
    "desc": "Formal envoys for better negotiations."
  },
  {
    "id": "g_t4_shieldseg",
    "name": "Shield Segment Activation",
    "tier": 4,
    "cost": 4,
    "prereqs": [
      "g_t3_sensor",
      "g_t3_fab"
    ],
    "discovered": false,
    "desc": "Partial city shielding for certain sectors."
  },
  {
    "id": "g_t4_rail",
    "name": "Rail Link (Short Haul)",
    "tier": 4,
    "cost": 4,
    "prereqs": [
      "g_t3_barge",
      "g_t3_logistics"
    ],
    "discovered": false,
    "desc": "Freight line to nearby hubs; doubles throughput."
  },
  {
    "id": "g_t4_fusion",
    "name": "Fusion Core Stabilizers",
    "tier": 4,
    "cost": 4,
    "prereqs": [
      "g_t3_fab"
    ],
    "discovered": false,
    "desc": "Stable city-scale power to support advanced systems."
  },
  {
    "id": "g_t4_autodoc",
    "name": "AutoDoc Wing",
    "tier": 4,
    "cost": 4,
    "prereqs": [
      "g_t3_medpod"
    ],
    "discovered": false,
    "desc": "High-capacity medical treatment for complex conditions."
  },
  {
    "id": "g_t4_gate_local",
    "name": "Gate Pylon Reactivation (Local)",
    "tier": 4,
    "cost": 4,
    "prereqs": [
      "g_t3_comms",
      "g_t3_sensor"
    ],
    "discovered": false,
    "desc": "Short-hop teleportation to nearby pylons (risky)."
  },
  {
    "id": "g_t4_defgrid2",
    "name": "Defense Grid Mk.II",
    "tier": 4,
    "cost": 4,
    "prereqs": [
      "g_t3_sensor",
      "g_t2_sentry1"
    ],
    "discovered": false,
    "desc": "Networked turrets and sensors with no jam risk."
  },
  {
    "id": "g_t4_orbital_ping",
    "name": "Orbital Ping (Handshake)",
    "tier": 4,
    "cost": 4,
    "prereqs": [
      "g_t3_comms"
    ],
    "discovered": false,
    "desc": "Limited comms with orbital assets for intel."
  },
  {
    "id": "g_t5_cityshield",
    "name": "Citywide Shield",
    "tier": 5,
    "cost": 5,
    "prereqs": [
      "g_t4_shieldseg",
      "g_t4_fusion"
    ],
    "discovered": false,
    "desc": "Full defensive shield for Refuge."
  },
  {
    "id": "g_t5_gatenet",
    "name": "Gate Network Reactivation",
    "tier": 5,
    "cost": 5,
    "prereqs": [
      "g_t4_gate_local",
      "g_t4_orbital_ping"
    ],
    "discovered": false,
    "desc": "Stable long-range gates to distant hubs."
  },
  {
    "id": "g_t5_shuttle",
    "name": "Orbital Shuttle Access",
    "tier": 5,
    "cost": 5,
    "prereqs": [
      "g_t4_orbital_ping",
      "g_t4_rail"
    ],
    "discovered": false,
    "desc": "Regular shuttle travel to orbital stations."
  },
  {
    "id": "g_t5_nanomed",
    "name": "Nanotech Med Bays",
    "tier": 5,
    "cost": 5,
    "prereqs": [
      "g_t4_autodoc"
    ],
    "discovered": false,
    "desc": "Regenerative care for severe conditions."
  },
  {
    "id": "g_t5_ai",
    "name": "AI Civic Core",
    "tier": 5,
    "cost": 5,
    "prereqs": [
      "g_t4_fusion",
      "g_t4_defgrid2"
    ],
    "discovered": false,
    "desc": "AI-assisted governance and crisis response."
  },
  {
    "id": "g_t5_zpreactor",
    "name": "Zero-Point Reactor",
    "tier": 5,
    "cost": 5,
    "prereqs": [
      "g_t4_fusion"
    ],
    "discovered": false,
    "desc": "Near-unlimited clean power with story risks."
  },
  {
    "id": "g_t5_tradecharter",
    "name": "Planetary Trade Charter",
    "tier": 5,
    "cost": 5,
    "prereqs": [
      "g_t3_envoy",
      "g_t3_comms"
    ],
    "discovered": false,
    "desc": "Refuge recognized as a major planetary hub."
  }
]